,GameRant URL,GameRant Title,GameRant Timestamp,First Announcement Url,First Announcement Timestamp,Delta Time
0,https://ninentdo.com/article,article title here,2024-04-18 22:00:00,https://ninentdo.com/article,2024-04-18 20:00:00,0 days 02:00:00
,GameRant URL,GameRant Title,GameRant Timestamp,First Announcement Url,First Announcement Timestamp,Delta Time
0,https://gamerant.com/walmart-starfield-3-cents-destroy-throw-out/,Walmart Is Reportedly Going to Throw Out Copies of Starfield,2024-01-20 06:57:53,https://news.xbox.com/en-us/2024/03/04/spongebob-special-edition-bundle-xbox-best-buy/,2024-03-04 09:30:00,-45 days +21:27:53
,GameRant URL,GameRant Title,GameRant Timestamp,First Announcement Url,First Announcement Timestamp,Delta Time
0,https://gamerant.com/walmart-starfield-3-cents-destroy-throw-out/,Walmart Is Reportedly Going to Throw Out Copies of Starfield,2024-01-20 06:57:53,https://news.xbox.com/en-us/2024/03/04/spongebob-special-edition-bundle-xbox-best-buy/,2024-03-04 09:30:00,-45 days +21:27:53
0,https://gamerant.com/palworld-peta-statement/,PETA Releases Statement on Palworld,2024-01-25 02:48:23,,,2024-01-25 02:48:23
0,https://gamerant.com/palworld-ps5-ps4/,PlayStation Responds to Palworld PS5 Demand,2024-01-22 09:58:18,https://news.xbox.com/en-us/2024/02/21/new-platforms-new-players-xbox-games-switch-playstation/,2024-02-21 13:00:00,-31 days +20:58:18
0,https://gamerant.com/nintendo-64-style-games-switch-corn-kidz/,April 19 Will Be a Big Day for Nintendo 64 Fans,2024-04-13 08:58:32,,,2024-04-13 08:58:32
0,https://gamerant.com/ea-games-shutting-down-when-nhl-20/,EA Game Shutting Down on September 16,2024-03-19 11:22:52,,,2024-03-19 11:22:52
0,https://gamerant.com/last-of-us-2-remastered-refunds/,Sony Issuing Refunds for The Last of Us Part 2 Remastered,2024-01-19 08:55:15,,,2024-01-19 08:55:15
0,https://gamerant.com/best-cheap-steam-games-shadow-tactics/,Steam Game With 'Overwhelmingly Positive' Reviews Is 90% Off for Limited Time,2024-01-27 10:53:31,,,2024-01-27 10:53:31
0,https://gamerant.com/five-nights-at-freddys-game-shut-down-fnaf-ar-special-delivery/,A Five Nights at Freddy's Game Has Shut Down Forever,2024-03-16 08:08:40,,,2024-03-16 08:08:40
0,https://gamerant.com/grubhub-fallout-meal-nuka-blast-burger-price-locations-order/,Extremely Limited Fallout Burger Meal Coming This Week,2024-04-08 05:10:12,,,2024-04-08 05:10:12
0,https://gamerant.com/elden-ring-player-boss-discovery-first-time-1000-hours/,"Elden Ring Player Discovers Boss for the First Time After Playing for Over 1,000 Hours",2024-02-26 14:24:59,,,2024-02-26 14:24:59
0,https://gamerant.com/facebook-down-today-for-everyone-right-now-march-2024/,Facebook Is Down Right Now [UPDATE],2024-03-05 05:44:05,,,2024-03-05 05:44:05
0,https://gamerant.com/palworld-steam-charts-helldivers-2/,Palworld Knocked Off Top Spot on Steam Charts,2024-02-09 10:41:23,https://news.xbox.com/en-us/2024/01/31/palworld-biggest-3rd-party-game-pass-launch-ever/,2024-01-31 13:00:00,8 days 21:41:23
0,https://gamerant.com/ps3-system-update-491-patch-notes/,PS3 Gets Surprise New System Update,2024-02-27 14:29:16,,,2024-02-27 14:29:16
0,https://gamerant.com/pokemon-go-lets-go-meltan-8-9-stuck-catch-a-ditto-omanyte-kabuto/,Pokemon GO Players Stuck on 6-Year-Old Quest Should Keep an Eye on April 22,2024-04-21 07:41:25,,,2024-04-21 07:41:25
0,https://gamerant.com/immortality-ps5-release-date/,Former Xbox Console Exclusive Releases on PS5 Today,2024-01-23 07:41:08,,,2024-01-23 07:41:08
0,https://gamerant.com/elden-ring-player-new-cave-limgrave-discovery-400-hours/,Elden Ring Player Finds New Cave After Playing for Over 400 Hours,2024-04-08 15:54:51,,,2024-04-08 15:54:51
0,https://gamerant.com/welcome-to-paradize-co-op-zombie-game-release-date/,A New Co-op Zombie Game Is Coming Out Next Month,2024-01-28 04:22:41,,,2024-01-28 04:22:41
0,https://gamerant.com/ps-plus-extra-new-games-april-2024-dave-the-diver-tales-of-kenzera/,"PS Plus Extra Confirms 2 Surprise Games for April 2024, Including Day One Release",2024-04-02 08:41:39,,,2024-04-02 08:41:39
0,https://gamerant.com/epic-games-store-free-games-may-2024-circus-electrique-egs/,Epic Games Store is Giving Away Over $100 Worth of Content on May 9,2024-05-02 07:30:05,,,2024-05-02 07:30:05
0,https://gamerant.com/elden-ring-dlc-after-shadow-of-the-erdtree/,FromSoftware Has Bad News for Elden Ring Fans,2024-05-02 06:10:44,,,2024-05-02 06:10:44
0,https://gamerant.com/meta-oculus-bogo-best-game-shutdown-march-15/,Meta Is Shutting Down One of the Best Games on Oculus on March 15,2024-03-09 12:37:54,,,2024-03-09 12:37:54
0,https://gamerant.com/pokemon-scarlet-violet-codes-iron-hands/,Pokemon Scarlet and Violet Code Gets You a Free Violet-Exclusive Pokemon,2024-04-05 10:07:10,,,2024-04-05 10:07:10
0,https://gamerant.com/xbox-game-pass-games-leaving-may-2024-norco/,Xbox Game Pass Is Losing One of Its Highest-Rated Games on May 15,2024-04-30 06:29:21,https://news.xbox.com/en-us/2024/04/30/xbox-game-pass-may-2024-wave-1/,2024-04-30 09:00:00,-1 days +21:29:21
0,https://gamerant.com/stardew-valley-penny-request-lost-money-starfruit-wine/,"Stardew Valley Player Loses Out on Over $200,000 Worth of Starfruit Wine Thanks to Penny",2024-03-30 13:48:02,,,2024-03-30 13:48:02
0,https://gamerant.com/nintendo-switch-2-first-retailer-listing/,Nintendo Switch 2 Listed by Retailer,2024-01-19 11:20:57,,,2024-01-19 11:20:57
0,https://gamerant.com/nintendo-gamecube-goodwill-find-haul-price/,Nintendo GameCube Fan Makes Incredible Find at Goodwill,2024-03-26 08:21:41,,,2024-03-26 08:21:41
0,https://gamerant.com/topspin-2k25-announcement/,Acclaimed 2K Series Making a Comeback After 13 Years,2024-01-16 12:38:12,https://news.xbox.com/en-us/2024/03/25/grounded-with-fully-yoked-1-4-update-announce/,2024-03-25 13:00:00,-70 days +23:38:12
0,https://gamerant.com/disney-plus-daredevil-set-up-deadpool-wolverine/,New Marvel Movie On Disney Plus Seemingly Added To Set Up Deadpool & Wolverine,2024-04-23 10:35:12,,,2024-04-23 10:35:12
0,https://gamerant.com/xbox-game-pass-palworld-january-2024/,Xbox Game Pass Adds Day One Open World Game Today,2024-01-19 01:05:10,https://news.xbox.com/en-us/2024/01/31/palworld-biggest-3rd-party-game-pass-launch-ever/,2024-01-31 13:00:00,-13 days +12:05:10
0,https://gamerant.com/palworld-player-catches-zoe-grizzbolt/,Palworld Player Catches Zoe and Grizzbolt,2024-01-22 13:36:37,,,2024-01-22 13:36:37
0,https://gamerant.com/cyberpunk-2077-new-update-steam-hints/,New Cyberpunk 2077 Update Coming Soon,2024-01-09 11:10:43,,,2024-01-09 11:10:43
0,https://gamerant.com/xbox-game-pass-february-2024-games-persona-3-reload/,Xbox Game Pass Adds Massive AAA Day One Game,2024-02-01 20:25:21,https://news.xbox.com/en-us/2024/01/16/persona-3-reload-how-atlus-reimagined-a-classic-rpg/,2024-01-16 08:00:00,16 days 12:25:21
0,https://gamerant.com/skyrim-update-patch-notes-2024/,Skyrim Gets First New Update of 2024,2024-01-17 09:18:02,https://news.xbox.com/en-us/2024/01/18/xbox-developer-direct-2024-recap/,2024-01-18 15:50:15,-2 days +17:27:47
0,https://gamerant.com/xbox-game-pass-best-games-leaving-soon-gta-5/,Xbox Game Pass is Losing Its Highest-Rated Game Today,2024-01-05 06:36:05,,,2024-01-05 06:36:05
0,https://gamerant.com/xbox-game-pass-february-2024-games-madden-nfl-24/,Xbox Game Pass Ultimate Adds New AAA Game Today,2024-02-07 23:41:55,https://news.xbox.com/en-us/2024/04/09/starter-tips-for-botany-manor-your-new-xbox-game-pass-puzzle-adventure/,2024-04-09 10:30:00,-62 days +13:11:55
0,https://gamerant.com/epic-games-store-free-games-right-now-february-2024-fallout/,Epic Games Store Giving Away 3 Free Games on February 22 [UPDATE],2024-02-15 06:30:17,,,2024-02-15 06:30:17
0,https://gamerant.com/epic-games-store-free-games-april-2024-ghostrunner/,Epic Games Store Reveals Free Game for April 11,2024-04-04 07:25:31,,,2024-04-04 07:25:31
0,https://gamerant.com/cyberpunk-2077-ncpd-holocalls-setting-behavior/,Cyberpunk 2077 Player Makes Realization After 400+ Hours in the Game,2024-04-12 13:00:13,,,2024-04-12 13:00:13
0,https://gamerant.com/epic-games-store-free-games-january-2024-plague-tale-egs/,Epic Games Store Reveals Free Game for January 3,2024-01-03 06:39:34,,,2024-01-03 06:39:34
0,https://gamerant.com/fallout-4-hardest-achievement-maximum-happiness-settlement/,"Fallout 4 Player Spends Over 1,000 Hours Unlocking the Game's Hardest Achievement",2024-05-01 08:50:10,,,2024-05-01 08:50:10
0,https://gamerant.com/helldivers-2-no-transmog-customization/,Helldivers 2 CEO Says No to Adding Popular Customization Mechanic,2024-04-13 01:17:26,,,2024-04-13 01:17:26
0,https://gamerant.com/five-nights-at-freddys-help-wanted-2-ps5-release-date/,June 20 Will Be a Big Day for Five Nights at Freddy's Fans,2024-04-18 10:05:56,,,2024-04-18 10:05:56
0,https://gamerant.com/epic-games-store-free-mystery-right-now-january-2024-20-minutes-dawn/,Epic Games Store Free Mystery Game for January 2 Revealed,2024-01-02 06:03:52,,,2024-01-02 06:03:52
0,https://gamerant.com/cyberpunk-2077-new-update-2024-latest-hotfix/,New Cyberpunk 2077 Update Coming Next Week,2024-01-26 11:00:24,,,2024-01-26 11:00:24
0,https://gamerant.com/fallout-76-veterans-new-players-advice-tip-when-to-start-events-wait/,Fallout 76 Veterans Have an Important Plea For New Players,2024-05-03 13:43:16,,,2024-05-03 13:43:16
0,https://gamerant.com/palworld-the-pokemon-company-statement/,The Pokemon Company Issues Statement on Palworld Similarities,2024-01-25 02:11:52,,,2024-01-25 02:11:52
0,https://gamerant.com/pokemon-go-player-bagon-shunundo-catch-rare/,Pokemon GO Player Catches Bagon That's Rarer Than a Shundo,2024-04-08 17:10:27,,,2024-04-08 17:10:27
0,https://gamerant.com/pokemon-scarlet-violet-guaranteed-shiny-hunting-method-discovery/,Pokemon Scarlet and Violet Players May Have Discovered Guaranteed Shiny Hunting Method,2024-01-06 13:14:29,,,2024-01-06 13:14:29
0,https://gamerant.com/epic-games-store-free-games-january-2024-leaks-love/,Possible Epic Games Store Free Game for January 18 Leaked Online,2024-01-05 05:51:18,,,2024-01-05 05:51:18
0,https://gamerant.com/pokemon-go-master-ball-best-use/,Pokemon GO Player Finds 'Perfect' Use for Master Ball,2024-04-06 06:54:20,,,2024-04-06 06:54:20
0,https://gamerant.com/xbox-game-pass-insurgency-sandstorm-upgrade-update/,Xbox Game Pass Game Gets Big Free Upgrade,2024-01-30 10:49:20,,,2024-01-30 10:49:20
0,https://gamerant.com/pokemon-scarlet-and-violet-free-mystery-gift-item-neo-kitakami-case/,New Pokemon Scarlet and Violet Mystery Gift Code Gets You a Free Item,2024-01-15 09:54:46,,,2024-01-15 09:54:46
0,https://gamerant.com/bethesda-chart-number-of-quests-starfield-skyrim-fallout-4/,"Bethesda Chart Compares the Number of Quests in Starfield, Skyrim, and Fallout 4",2024-04-11 18:14:21,https://news.xbox.com/en-us/2024/01/24/starfield-spacesuit-competition/,2024-01-24 09:00:00,78 days 09:14:21
0,https://gamerant.com/ps-plus-free-games-january-2024-lost-epic/,Some PS Plus Subscribers Are Getting a Different Free Game for January 2024,2024-01-01 06:01:09,,,2024-01-01 06:01:09
0,https://gamerant.com/super-mario-run-update-patch-notes/,Forgotten Super Mario Game Gets New Update 8 Years After Launch,2024-03-18 08:37:06,,,2024-03-18 08:37:06
0,https://gamerant.com/helldivers-2-dev-response-demand-more-servers/,Helldivers 2 Dev Addresses Demand for More Servers,2024-02-19 17:29:34,,,2024-02-19 17:29:34
0,https://gamerant.com/bloodborne-return-to-yharnam-2024-dates-when/,Bloodborne Is About to Make a Big Comeback,2024-03-16 11:36:54,,,2024-03-16 11:36:54
0,https://gamerant.com/planet-of-lana-playstation-nintendo-switch-release-date/,Xbox Console Exclusive Is Jumping Ship to PlayStation and Switch on April 16,2024-03-16 16:53:08,,,2024-03-16 16:53:08
0,https://gamerant.com/stardew-valley-100-million-gold-profit-after-passing-out/,"Stardew Valley Player Passes Out, Wakes Up to 100 Million Gold",2024-04-27 13:06:39,,,2024-04-27 13:06:39
0,https://gamerant.com/amazon-fallout-3-new-vegas-free-offer-luna-cloud-streaming/,"Amazon Surprises Subscribers With Free Access to 2 of the Best Fallout Games, But There's a Catch",2024-04-11 08:33:05,,,2024-04-11 08:33:05
0,https://gamerant.com/stalker-2-release-date-xbox-game-pass-september-2024/,Xbox Game Pass Confirms Huge Console Exclusive for September 5,2024-01-16 06:53:06,https://news.xbox.com/en-us/2024/01/31/2024-xbox-games/,2024-01-31 15:00:00,-16 days +15:53:06
0,https://gamerant.com/call-of-duty-rick-grimes-skin-fan-criticism/,Call of Duty Fans Aren't Happy About Rick Grimes Skin,2024-02-07 12:42:50,,,2024-02-07 12:42:50
0,https://gamerant.com/pokemon-go-updates-events-april-2024-rediscover/,April 17 and 22 Are Going to Be Huge Days for Pokemon GO,2024-04-15 10:25:15,,,2024-04-15 10:25:15
0,https://gamerant.com/nintendo-switch-online-new-games-april-2024-n64/,Surprise Switch Online Update Adds 2 Nintendo 64 Games,2024-04-24 03:41:17,,,2024-04-24 03:41:17
0,https://gamerant.com/kingdom-hearts-4-news-updates-2024-kh4/,Kingdom Hearts 4 Gets First Official Update in Over a Year [UPDATE],2024-03-21 06:42:57,,,2024-03-21 06:42:57
0,https://gamerant.com/church-steam-logo/,Church Appears to Use Steam Logo,2024-01-29 13:30:29,,,2024-01-29 13:30:29
0,https://gamerant.com/elden-ring-dlc-news-update/,Elden Ring DLC Gets Exciting Update,2024-01-15 05:38:53,,,2024-01-15 05:38:53
0,https://gamerant.com/sea-of-thieves-playstation-ps5-release-date/,Sea of Thieves Is on the Verge of Breaking a 39 Year Streak,2024-02-24 08:56:10,,,2024-02-24 08:56:10
0,https://gamerant.com/palworld-xbox-multiplayer-dedicated-servers-co-op/,Palworld Xbox Version Has 1 Unfortunate Restriction,2024-01-19 09:59:24,https://news.xbox.com/en-us/2024/04/22/ign-x-idxbox-digital-showcase-returns/,2024-04-22 11:00:00,-95 days +22:59:24
0,https://gamerant.com/new-games-like-stardew-valley-mirthwood/,New Open World RPG is Like Stardew Valley Meets Fable,2024-05-01 11:43:37,,,2024-05-01 11:43:37
0,https://gamerant.com/bethesda-studio-france-closed-microsoft/,Rumor: Bethesda Studio Shut Down by Microsoft,2024-04-24 19:26:25,,,2024-04-24 19:26:25
0,https://gamerant.com/steam-fallout-76-all-time-pc-player-peak-2024/,6-Year-Old Steam Game Just Hit Its All-Time Player Peak,2024-04-14 13:21:38,https://news.xbox.com/en-us/2024/03/12/raw-fury-xbox-publisher-spotlight-sale/,2024-03-12 15:00:00,32 days 22:21:38
0,https://gamerant.com/epic-games-store-free-game-when-april-2024-big-con/,Epic Games Store Reveals Free Game Coming on April 18,2024-04-11 07:05:14,,,2024-04-11 07:05:14
0,https://gamerant.com/zelda-tears-of-the-kingdom-hidden-cave/,Zelda: Tears of the Kingdom Has a Hidden Cave,2024-04-16 14:34:36,,,2024-04-16 14:34:36
0,https://gamerant.com/epic-games-store-free-games-april-2024-industria-lisa/,Epic Games Store Reveals 2 Free Games for April 25,2024-04-18 07:27:39,,,2024-04-18 07:27:39
0,https://gamerant.com/xbox-game-pass-april-2024-botany-manor-kona/,"Xbox Game Pass Adds Two Games Today, Including a Day One Launch Title",2024-04-09 03:10:03,https://news.xbox.com/en-us/2024/02/08/games-revealed-for-xbox-during-the-whitethorn-winter-showcase/,2024-02-08 15:00:00,60 days 12:10:03
0,https://gamerant.com/pathless-woods-launch-positive-reviews/,New Co-Op Open World Survival Game Releases to 'Very Positive' Reviews,2024-04-03 11:58:52,,,2024-04-03 11:58:52
0,https://gamerant.com/starfield-recolonize-earth-outposts/,Starfield Player is Attempting to Recolonize Earth,2024-03-30 13:12:52,,,2024-03-30 13:12:52
0,https://gamerant.com/fortnite-free-v-bucks-battle-pass-changes/,Fortnite Fans Frustrated Over Change to Battle Pass V-Bucks,2024-02-05 07:18:25,,,2024-02-05 07:18:25
0,https://gamerant.com/palworld-chillet-dragon-detail-jump-copy/,Palworld Players Discover Wholesome Detail,2024-01-28 06:09:24,,,2024-01-28 06:09:24
0,https://gamerant.com/assassins-creed-red-rumors-leaks-title-shadows/,Assassin's Creed Red's Real Title Leaks Online,2024-04-20 11:04:04,,,2024-04-20 11:04:04
0,https://gamerant.com/xbox-controller-firmware-update-march-2024/,Xbox Releases New Controller Update,2024-03-09 10:22:42,https://news.xbox.com/en-us/2024/02/07/world-of-tanks-xbox-10-years/,2024-02-07 07:00:00,31 days 03:22:42
0,https://gamerant.com/sims-5-map-leak/,The Sims 5 Leak Reveals the Game‚Äôs Map,2024-03-29 02:31:08,,,2024-03-29 02:31:08
0,https://gamerant.com/final-fantasy-7-remake-xbox-port-ff7-rumor/,Rumor: Microsoft in Talks to Bring Big PlayStation Console Exclusive to Xbox,2024-01-16 04:46:51,https://news.xbox.com/en-us/2024/01/18/xbox-developer-direct-2024-recap/,2024-01-18 15:50:15,-3 days +12:56:36
0,https://gamerant.com/palworld-update-0-1-5-0-breeding-changes-players-unhappy-dev-fix-soon/,Palworld Players Not Happy About Breeding Changes,2024-02-27 11:59:37,,,2024-02-27 11:59:37
0,https://gamerant.com/starfield-update-1947-patch-notes-changelog-whats-new/,Starfield Releases Massive Update 1.9.47,2024-01-18 09:04:17,,,2024-01-18 09:04:17
0,https://gamerant.com/epic-games-store-free-games-now-february-2024-super-meat-boy-forever/,Epic Games Store Replaces Fallout Titles with Different February 22 Free Game,2024-02-17 02:12:12,,,2024-02-17 02:12:12
0,https://gamerant.com/ps-plus-extra-premium-games-february-2024-tales-arise-vesperia-symphonia/,"PS Plus Extra and Premium Add 13 Games Today, Including 4 From the Same Franchise",2024-02-20 04:23:17,,,2024-02-20 04:23:17
0,https://gamerant.com/pokemon-go-player-rare-8-year-old-egg-staryu-legacy-move/,Pokemon GO Player Hatches Rare Pokemon That Was Last Available 8 Years Ago,2024-03-26 16:25:42,,,2024-03-26 16:25:42
0,https://gamerant.com/epic-games-store-free-games-when-may-2024-orcs-must-die/,Epic Games Store Reveals Free Game for May 2,2024-04-25 07:03:08,,,2024-04-25 07:03:08
0,https://gamerant.com/xbox-game-pass-ultimate-perks-right-now-persona-3-reload-dlc-keep-forever/,New Xbox Game Pass Ultimate Perk Is Better Than Expected,2024-03-16 08:33:34,,,2024-03-16 08:33:34
0,https://gamerant.com/halo-master-chief-collection-updates-development-done-ended/,New Report is Bad News for Halo: Master Chief Collection Players,2024-03-11 09:17:33,,,2024-03-11 09:17:33
0,https://gamerant.com/pokemon-scarlet-violet-leaks-update-new-mythical/,Pokemon Scarlet and Violet Leak Hints at Big Update on the Way,2024-01-27 06:11:43,,,2024-01-27 06:11:43
0,https://gamerant.com/xbox-game-pass-february-2024-games-anuchard/,Xbox Game Pass Adds Zelda-Like RPG With 'Very Positive' Reviews,2024-02-05 23:54:57,,,2024-02-05 23:54:57
0,https://gamerant.com/xbox-game-pass-january-2024-games-go-mecha-ball-phantom-abyss/,Xbox Game Pass Adds Highly Replayable Day One Game Today,2024-01-25 02:19:55,https://news.xbox.com/en-us/2024/02/15/ea-play-february-madden-24/,2024-02-15 13:00:00,-22 days +13:19:55
0,https://gamerant.com/call-of-duty-warzone-update-patch-notes-broken-not-working-season-1-reloaded/,Call of Duty: Warzone Having Some Serious Issues After Latest Update,2024-01-17 10:24:17,,,2024-01-17 10:24:17
0,https://gamerant.com/palworld-update-xbox-today-patch-notes/,Palworld Gets New Update on Xbox,2024-01-29 07:02:23,https://news.xbox.com/en-us/2024/01/31/palworld-biggest-3rd-party-game-pass-launch-ever/,2024-01-31 13:00:00,-3 days +18:02:23
0,https://gamerant.com/spider-man-2-update-1002003/,Spider-Man 2 Releases New Update You Can Download Right Now,2024-04-18 12:38:12,,,2024-04-18 12:38:12
0,https://gamerant.com/sims-4-free-backyard-stuff-dlc-pack-sale-promo/,The Sims 4 Is Giving Away a Free DLC Pack,2024-03-14 15:00:58,,,2024-03-14 15:00:58
0,https://gamerant.com/epic-games-store-free-games-march-2024-deus-ex-bridge-egs/,Epic Games Store Reveals 2 Free Games for March 14,2024-03-07 09:03:35,,,2024-03-07 09:03:35
